date,category,product,broadcast_time,sales,orders,host
2026-04-01,패션,럭셔리 핸드백,21:35,43830506,283,신정호
2026-04-01,식품,초콜릿 선물세트,21:43,31469056,292,이준호
2026-04-01,패션,슬림핏 청바지,21:53,44037984,270,이준호
2026-04-01,주방,무선 믹서기,20:12,47827660,159,박보검
2026-04-01,건강,비타민 종합제,21:08,14678006,50,신정호
2026-04-02,패션,슬림핏 청바지,21:36,20762571,185,원더우먼
2026-04-02,패션,슬림핏 청바지,20:41,6322466,241,최지우
2026-04-02,패션,슬림핏 청바지,21:04,13571926,187,신정호
2026-04-02,주방,논스틱 팬,20:31,11890841,287,이지은
2026-04-02,건강,홍삼 에너지,19:12,10058975,59,장나라
2026-04-03,주방,토스터,21:05,16031457,239,원더우먼
2026-04-03,식품,초콜릿 선물세트,21:27,21732118,77,이지은
2026-04-03,주방,토스터,21:46,24326187,175,원더우먼
2026-04-03,패션,무지 티셔츠,21:34,15661886,212,이지은
2026-04-03,주방,전기 포트,19:08,12479094,259,장나라
2026-04-04,식품,유기농 꿀,20:07,20160734,128,박보검
2026-04-04,건강,오메가3,21:25,11332102,115,장나라
2026-04-04,건강,콜라겐 파우더,21:48,24251007,279,이준호
2026-04-04,주방,스텐 냄비 세트,19:30,9679840,95,원더우먼
2026-04-04,패션,럭셔리 핸드백,19:27,25889550,140,이지은
2026-04-05,식품,와인 선물세트,21:26,25992641,146,최지우
2026-04-05,가전,미니 냉장고,19:59,12044060,198,원더우먼
2026-04-05,패션,무지 티셔츠,19:09,13214966,231,원더우먼
2026-04-05,패션,럭셔리 핸드백,19:29,22863995,93,원더우먼
2026-04-05,주방,논스틱 팬,20:05,16272792,152,이지은
2026-04-06,건강,오메가3,19:11,9622311,161,이준호
2026-04-06,가전,무선 청소기,19:50,18288711,231,이지은
2026-04-06,주방,토스터,19:50,9017641,83,이지은
2026-04-06,가전,무선 청소기,21:42,7703530,207,김혜수
2026-04-06,식품,프리미엄 올리브유,21:21,14493819,297,박보검
2026-04-07,건강,콜라겐 파우더,21:14,5281936,200,원더우먼
2026-04-07,식품,유기농 꿀,20:10,17360607,137,김혜수
2026-04-07,주방,전기 포트,20:55,17483351,123,최지우
2026-04-07,건강,루테인 영양제,19:30,7835080,178,이준호
2026-04-07,식품,초콜릿 선물세트,19:20,12078154,252,이지은
2026-04-08,가전,무선 이어폰,21:17,10520585,261,이준호
2026-04-08,주방,전기 포트,21:23,8291623,116,원더우먼
2026-04-08,건강,오메가3,20:38,15624201,254,신정호
2026-04-08,패션,캐시미어 스웨터,21:42,5935510,200,최지우
2026-04-08,건강,오메가3,19:19,24886704,65,신정호
2026-04-09,가전,공기청정기,21:46,7857138,148,박보검
2026-04-09,식품,와인 선물세트,21:47,20518798,107,이지은
2026-04-09,패션,캐시미어 스웨터,21:41,13047216,285,신정호
2026-04-09,가전,공기청정기,21:43,10686478,172,김혜수
2026-04-09,식품,와인 선물세트,20:53,20305390,189,장나라
2026-04-10,패션,무지 티셔츠,19:58,20821881,76,원더우먼
2026-04-10,가전,무선 청소기,19:26,9463670,107,박보검
2026-04-10,패션,캐시미어 스웨터,21:17,7632917,162,신정호
2026-04-10,식품,유기농 꿀,21:39,20491412,253,이준호
2026-04-10,패션,캐시미어 스웨터,21:49,6194919,150,이준호
2026-04-11,식품,프리미엄 카레,19:36,9962312,216,이준호
2026-04-11,주방,논스틱 팬,19:04,23374738,273,신정호
2026-04-11,패션,겨울 부츠,20:59,21875263,293,원더우먼
2026-04-11,건강,콜라겐 파우더,20:36,22937400,256,박보검
2026-04-11,건강,홍삼 에너지,19:17,14408711,226,신정호
2026-04-12,패션,무지 티셔츠,20:53,24232783,60,이지은
2026-04-12,가전,무선 이어폰,20:41,25466273,259,이준호
2026-04-12,식품,유기농 꿀,20:34,17826875,134,이지은
2026-04-12,주방,토스터,21:32,20904561,254,김혜수
2026-04-12,주방,무선 믹서기,20:54,20109660,225,박보검
2026-04-13,식품,유기농 꿀,19:25,6179169,252,이지은
2026-04-13,가전,무선 청소기,20:31,19877112,293,장나라
2026-04-13,가전,무선 청소기,20:42,7262072,261,김혜수
2026-04-13,건강,콜라겐 파우더,21:00,20056632,230,신정호
2026-04-13,패션,슬림핏 청바지,20:30,18722491,194,이준호
2026-04-14,식품,프리미엄 올리브유,19:24,9905899,173,신정호
2026-04-14,식품,유기농 꿀,19:10,22238684,270,김혜수
2026-04-14,가전,무선 청소기,19:41,13505677,103,장나라
2026-04-14,패션,겨울 부츠,20:55,6029840,224,최지우
2026-04-14,가전,식기세척기,19:39,12766392,254,이지은
2026-04-15,가전,미니 냉장고,21:02,24012022,229,장나라
2026-04-15,건강,콜라겐 파우더,20:31,21994405,166,이지은
2026-04-15,식품,프리미엄 카레,19:38,19176642,114,최지우
2026-04-15,주방,토스터,20:35,8970027,207,박보검
2026-04-15,가전,공기청정기,20:12,22381363,199,김혜수
2026-04-16,주방,논스틱 팬,20:11,24260624,166,장나라
2026-04-16,패션,럭셔리 핸드백,20:29,6712405,99,이준호
2026-04-16,주방,토스터,21:04,24904957,265,이준호
2026-04-16,가전,식기세척기,21:30,6957116,69,박보검
2026-04-16,식품,프리미엄 카레,20:17,18618688,63,장나라
2026-04-17,가전,미니 냉장고,21:50,21723398,108,김혜수
2026-04-17,패션,캐시미어 스웨터,20:12,21909797,128,박보검
2026-04-17,주방,전기 포트,19:21,9421539,289,이지은
2026-04-17,주방,전기 포트,21:43,7003572,130,이준호
2026-04-17,건강,오메가3,19:12,22015329,246,이준호
2026-04-18,가전,공기청정기,19:57,9959831,266,장나라
2026-04-18,건강,오메가3,19:23,24707025,246,이준호
2026-04-18,패션,겨울 부츠,19:21,15075089,278,원더우먼
2026-04-18,패션,겨울 부츠,19:15,28732682,270,김혜수
2026-04-18,가전,미니 냉장고,20:57,16041613,201,이준호
2026-04-19,가전,공기청정기,21:53,20027595,270,최지우
2026-04-19,가전,미니 냉장고,19:19,13562665,259,장나라
2026-04-19,패션,무지 티셔츠,19:54,17850736,270,원더우먼
2026-04-19,가전,무선 이어폰,19:16,27077823,297,김혜수
2026-04-19,건강,콜라겐 파우더,20:18,15003646,186,김혜수
2026-04-20,식품,유기농 꿀,21:51,15684789,286,박보검
2026-04-20,건강,콜라겐 파우더,20:09,17028613,131,박보검
2026-04-20,주방,무선 믹서기,20:07,9780845,205,신정호
2026-04-20,건강,루테인 영양제,19:26,13416212,113,박보검
2026-04-20,패션,캐시미어 스웨터,21:51,19897337,150,신정호
2026-04-21,주방,전기 포트,20:26,14381204,94,박보검
2026-04-21,주방,토스터,19:32,21237527,93,장나라
2026-04-21,패션,슬림핏 청바지,21:20,12510842,238,신정호
2026-04-21,건강,홍삼 에너지,20:02,24100664,283,원더우먼
2026-04-21,가전,무선 이어폰,21:00,17382686,68,김혜수
2026-04-22,가전,식기세척기,20:03,23689163,206,최지우
2026-04-22,패션,겨울 부츠,21:10,20626457,190,원더우먼
2026-04-22,건강,콜라겐 파우더,21:49,16937725,107,이준호
2026-04-22,주방,스텐 냄비 세트,21:39,8985424,288,이준호
2026-04-22,패션,슬림핏 청바지,20:32,10460678,216,최지우
2026-04-23,가전,미니 냉장고,21:12,8116370,246,원더우먼
2026-04-23,주방,무선 믹서기,21:34,23623770,72,이지은
2026-04-23,식품,유기농 꿀,21:53,14179743,92,장나라
2026-04-23,주방,토스터,19:25,16317809,209,김혜수
2026-04-23,가전,식기세척기,20:23,20897345,221,장나라
2026-04-24,식품,유기농 꿀,19:47,23865863,265,박보검
2026-04-24,가전,공기청정기,19:21,17784838,240,신정호
2026-04-24,주방,전기 포트,21:07,21346142,273,최지우
2026-04-24,패션,슬림핏 청바지,20:00,23135811,231,이준호
2026-04-24,가전,공기청정기,20:47,16254410,111,원더우먼
2026-04-25,주방,무선 믹서기,21:29,11239066,96,장나라
2026-04-25,식품,와인 선물세트,20:37,29516104,130,박보검
2026-04-25,패션,슬림핏 청바지,19:48,17968775,222,김혜수
2026-04-25,가전,공기청정기,19:34,16541174,75,신정호
2026-04-25,가전,무선 청소기,19:55,19835449,234,원더우먼
2026-04-26,식품,프리미엄 올리브유,21:34,9407040,108,박보검
2026-04-26,건강,오메가3,20:31,12031272,178,김혜수
2026-04-26,식품,유기농 꿀,20:19,12493980,110,이준호
2026-04-26,패션,캐시미어 스웨터,20:50,24784345,284,최지우
2026-04-26,식품,초콜릿 선물세트,19:37,17191345,116,최지우
2026-04-27,건강,비타민 종합제,21:53,21303578,295,신정호
2026-04-27,식품,초콜릿 선물세트,20:29,22406383,94,원더우먼
2026-04-27,식품,초콜릿 선물세트,19:58,24571627,208,원더우먼
2026-04-27,패션,겨울 부츠,20:41,17007041,196,최지우
2026-04-27,건강,콜라겐 파우더,19:34,15895525,165,이준호
2026-04-28,패션,무지 티셔츠,21:37,18540915,177,이지은
2026-04-28,주방,스텐 냄비 세트,21:03,9972317,120,신정호
2026-04-28,주방,전기 포트,21:28,8219108,143,이준호
2026-04-28,건강,홍삼 에너지,20:04,12679379,117,원더우먼
2026-04-28,건강,오메가3,19:11,22615912,165,최지우
2026-04-29,패션,무지 티셔츠,21:05,8747456,138,박보검
2026-04-29,패션,슬림핏 청바지,20:19,11704553,58,최지우
2026-04-29,식품,유기농 꿀,20:46,5204703,53,김혜수
2026-04-29,식품,유기농 꿀,20:13,6297957,233,이지은
2026-04-29,주방,전기 포트,19:42,21846665,182,신정호
2026-04-30,패션,캐시미어 스웨터,21:44,13282399,159,이지은
2026-04-30,건강,콜라겐 파우더,21:09,18021945,224,김혜수
2026-04-30,패션,겨울 부츠,20:19,18361025,154,이지은
2026-04-30,주방,논스틱 팬,21:55,8234648,120,김혜수
2026-04-30,주방,토스터,19:37,20664546,111,이준호
